,knot_names,kfh_total_ranks,volumes,determinants,jones_poly_degrees,12-crossing knots
0,12nh_001,9,2.82812208833078,1,26,Non-alternating
1,12nh_002,15,4.40083251612305,1,18,Non-alternating
2,12nh_003,13,4.85466333865015,13,14,Non-alternating
3,12nh_004,9,5.85424272206516,9,0,Non-alternating
4,12nh_005,19,5.90408585850810,5,24,Non-alternating
5,12nh_006,13,5.91674573518279,5,28,Non-alternating
6,12nh_007,15,5.98614936306926,7,20,Non-alternating
7,12nh_008,17,6.34376088928950,1,6,Non-alternating
8,12nh_009,15,6.36320924724140,7,24,Non-alternating
9,12nh_010,9,6.45137056039419,7,12,Non-alternating
10,12nh_011,15,6.66361094119390,9,22,Non-alternating
11,12nh_012,21,6.72199328799979,11,20,Non-alternating
12,12nh_013,23,6.75197109993878,9,18,Non-alternating
13,12nh_014,21,7.22351626586071,19,24,Non-alternating
14,12nh_015,17,7.39753978338201,9,30,Non-alternating
15,12nh_016,25,7.50472408520560,25,18,Non-alternating
16,12nh_017,19,7.55500575157557,19,8,Non-alternating
17,12nh_018,25,7.60184747061534,25,6,Non-alternating
18,12nh_019,17,7.64480145988459,17,26,Non-alternating
19,12nh_020,29,7.68149061811687,29,22,Non-alternating
20,12nh_021,23,7.88092507731815,9,26,Non-alternating
21,12nh_022,21,8.01095275362624,5,6,Non-alternating
22,12nh_023,17,8.06616041226217,1,14,Non-alternating
23,12nh_024,19,8.24597547658252,3,14,Non-alternating
24,12nh_025,23,8.24751050753440,23,-2,Non-alternating
25,12nh_026,27,8.27514380204693,13,22,Non-alternating
26,12nh_027,23,8.30820956181783,1,28,Non-alternating
27,12nh_028,23,8.35647229968502,23,20,Non-alternating
28,12nh_029,27,8.36639818848207,27,10,Non-alternating
29,12nh_030,27,8.37238107306915,27,24,Non-alternating
30,12nh_031,21,8.39210362127508,11,2,Non-alternating
31,12nh_032,21,8.46980979382081,5,24,Non-alternating
32,12nh_033,27,8.50178252123129,3,28,Non-alternating
33,12nh_034,23,8.54167140175695,9,12,Non-alternating
34,12nh_035,29,8.56204213645302,3,24,Non-alternating
35,12nh_036,25,8.57314967794006,7,-4,Non-alternating
36,12nh_037,19,8.62358495900230,13,18,Non-alternating
37,12nh_038,21,8.72155498416810,13,30,Non-alternating
38,12nh_039,27,8.79986297555335,5,2,Non-alternating
39,12nh_040,23,8.93345643003705,15,28,Non-alternating
40,12nh_041,29,9.08469458830820,29,28,Non-alternating
41,12nh_042,23,9.18257932623703,15,26,Non-alternating
42,12nh_043,25,9.25636341224820,9,24,Non-alternating
43,12nh_044,27,9.28385748940721,11,0,Non-alternating
44,12nh_045,29,9.32265265075189,5,26,Non-alternating
45,12nh_046,17,9.32745810831997,17,16,Non-alternating
46,12nh_047,21,9.37939180958772,3,26,Non-alternating
47,12nh_048,31,9.40000656828484,25,26,Non-alternating
48,12nh_049,43,9.46292824822053,43,26,Non-alternating
49,12nh_050,25,9.49607378725590,17,24,Non-alternating
50,12nh_051,31,9.54212077830338,9,28,Non-alternating
51,12nh_052,33,9.57129114866025,23,20,Non-alternating
52,12nh_053,27,9.60874177206225,11,4,Non-alternating
53,12nh_054,23,9.62468160341630,7,26,Non-alternating
54,12nh_055,31,9.63589277190430,31,8,Non-alternating
55,12nh_056,27,9.75654679062492,5,14,Non-alternating
56,12nh_057,25,9.75716761378744,25,8,Non-alternating
57,12nh_058,21,9.80668429944084,11,-4,Non-alternating
58,12nh_059,25,9.82292910891425,15,16,Non-alternating
59,12nh_060,37,9.82376084480195,37,14,Non-alternating
60,12nh_061,27,9.83250803985278,21,14,Non-alternating
61,12nh_062,29,9.86996796580427,19,6,Non-alternating
62,12nh_063,29,9.87594244044391,19,20,Non-alternating
63,12nh_064,31,9.87594244044391,17,10,Non-alternating
64,12nh_065,25,9.88579014105871,25,26,Non-alternating
65,12nh_066,27,9.90530132070734,11,18,Non-alternating
66,12nh_067,41,9.98114069765642,41,10,Non-alternating
67,12nh_068,27,10.0113281919194,5,16,Non-alternating
68,12nh_069,29,10.0252207064175,29,16,Non-alternating
69,12nh_070,41,10.0444999369870,41,28,Non-alternating
70,12nh_071,37,10.0758609657111,37,-4,Non-alternating
71,12nh_072,35,10.0928129586947,35,10,Non-alternating
72,12nh_073,47,10.1409118311469,47,22,Non-alternating
73,12nh_074,27,10.1671635471112,11,16,Non-alternating
74,12nh_075,35,10.2131904389521,35,10,Non-alternating
75,12nh_076,23,10.2220733666047,23,20,Non-alternating
76,12nh_077,33,10.2276291237568,31,12,Non-alternating
77,12nh_078,27,10.2336536687428,27,-2,Non-alternating
78,12nh_079,45,10.2536085853917,45,22,Non-alternating
79,12nh_080,37,10.2590474482490,27,8,Non-alternating
80,12nh_081,29,10.2656943944654,29,4,Non-alternating
81,12nh_082,35,10.2728998364882,29,14,Non-alternating
82,12nh_083,39,10.3199229309566,39,-2,Non-alternating
83,12nh_084,43,10.3499026542990,43,18,Non-alternating
84,12nh_085,35,10.3554754110789,11,28,Non-alternating
85,12nh_086,31,10.4261727993101,15,26,Non-alternating
86,12nh_087,27,10.4404535062854,19,26,Non-alternating
87,12nh_088,27,10.4420005531233,27,10,Non-alternating
88,12nh_089,35,10.4435826577340,29,4,Non-alternating
89,12nh_090,33,10.4475398225734,33,26,Non-alternating
90,12nh_091,43,10.5012528228215,43,26,Non-alternating
91,12nh_092,29,10.5245224652155,21,24,Non-alternating
92,12nh_093,27,10.5372350350832,21,16,Non-alternating
93,12nh_094,37,10.5514723798338,13,22,Non-alternating
94,12nh_095,31,10.5549988538619,17,26,Non-alternating
95,12nh_096,27,10.5657990459656,21,4,Non-alternating
96,12nh_097,41,10.5666267492804,41,24,Non-alternating
97,12nh_098,25,10.5946866453513,7,14,Non-alternating
98,12nh_099,31,10.6100484291624,31,20,Non-alternating
99,12nh_100,41,10.6137928621237,41,16,Non-alternating
100,12nh_101,35,10.6421167209490,35,22,Non-alternating
101,12nh_102,29,10.6502579404148,27,20,Non-alternating
102,12nh_103,27,10.7546342330377,21,18,Non-alternating
103,12nh_104,25,10.7667232939336,25,14,Non-alternating
104,12nh_105,31,10.7748041309537,23,28,Non-alternating
105,12nh_106,33,10.7989503072407,25,32,Non-alternating
106,12nh_107,45,10.7997929791278,45,16,Non-alternating
107,12nh_108,55,10.8008230754411,55,26,Non-alternating
108,12nh_109,37,10.8388619510399,11,20,Non-alternating
109,12nh_110,41,10.8571313058180,41,16,Non-alternating
110,12nh_111,25,10.8720689819369,23,10,Non-alternating
111,12nh_112,25,10.8896355882562,25,16,Non-alternating
112,12nh_113,29,10.9055440448373,29,14,Non-alternating
113,12nh_114,43,10.9371746994790,43,20,Non-alternating
114,12nh_115,29,10.9521021215797,13,6,Non-alternating
115,12nh_116,35,10.9551714534909,13,16,Non-alternating
116,12nh_117,37,10.9701882214381,13,26,Non-alternating
117,12nh_118,25,11.0020087466379,25,16,Non-alternating
118,12nh_119,37,11.0189195708631,35,24,Non-alternating
119,12nh_120,47,11.0238077155110,47,20,Non-alternating
120,12nh_121,33,11.0679073455215,1,10,Non-alternating
121,12nh_122,39,11.0996404750801,7,16,Non-alternating
122,12nh_123,25,11.1024255624715,25,16,Non-alternating
123,12nh_124,39,11.1271888283424,39,-2,Non-alternating
124,12nh_125,53,11.2074339033619,53,22,Non-alternating
125,12nh_126,35,11.2299744437480,35,16,Non-alternating
126,12nh_127,31,11.2320946577995,7,30,Non-alternating
127,12nh_128,33,11.2910912871749,33,10,Non-alternating
128,12nh_129,33,11.3151125427558,33,16,Non-alternating
129,12nh_130,45,11.3192340168727,45,14,Non-alternating
130,12nh_131,41,11.3206941457788,7,10,Non-alternating
131,12nh_132,51,11.3248668081017,51,26,Non-alternating
132,12nh_133,39,11.3274302514522,39,20,Non-alternating
133,12nh_134,33,11.3309229812910,17,24,Non-alternating
134,12nh_135,51,11.3349600773552,51,4,Non-alternating
135,12nh_136,47,11.3821749760408,47,22,Non-alternating
136,12nh_137,29,11.3906685630808,21,26,Non-alternating
137,12nh_138,29,11.3964191639512,13,20,Non-alternating
138,12nh_139,33,11.4081339070685,1,14,Non-alternating
139,12nh_140,29,11.4240395900807,19,22,Non-alternating
140,12nh_141,35,11.4321109613621,19,14,Non-alternating
141,12nh_142,47,11.4322505265963,47,22,Non-alternating
142,12nh_143,31,11.4393111228223,15,14,Non-alternating
143,12nh_144,41,11.4426846637706,41,16,Non-alternating
144,12nh_145,43,11.4667091553638,43,24,Non-alternating
145,12nh_146,41,11.4769008252712,9,8,Non-alternating
146,12nh_147,31,11.5066074202103,31,20,Non-alternating
147,12nh_148,49,11.5132972025042,49,12,Non-alternating
148,12nh_149,45,11.5458560011044,45,14,Non-alternating
149,12nh_150,35,11.5564227162337,19,18,Non-alternating
150,12nh_151,33,11.5569231842294,15,10,Non-alternating
151,12nh_152,41,11.5990032943170,41,16,Non-alternating
152,12nh_153,33,11.6014995787226,17,10,Non-alternating
153,12nh_154,37,11.6215141050168,37,20,Non-alternating
154,12nh_155,41,11.6307283999256,9,14,Non-alternating
155,12nh_156,35,11.6503924843547,27,28,Non-alternating
156,12nh_157,39,11.6714173362914,33,14,Non-alternating
157,12nh_158,49,11.6833355633933,49,14,Non-alternating
158,12nh_159,29,11.6899929979276,5,28,Non-alternating
159,12nh_160,53,11.7038755962371,53,22,Non-alternating
160,12nh_161,41,11.7046037819380,9,12,Non-alternating
161,12nh_162,55,11.7066223310635,55,6,Non-alternating
162,12nh_163,63,11.7376851485542,63,6,Non-alternating
163,12nh_164,47,11.7445621172659,47,8,Non-alternating
164,12nh_165,39,11.7492120550139,39,20,Non-alternating
165,12nh_166,29,11.7505332868455,11,22,Non-alternating
166,12nh_167,61,11.7514173985092,61,24,Non-alternating
167,12nh_168,35,11.7755460340911,13,8,Non-alternating
168,12nh_169,39,11.7884444917630,1,30,Non-alternating
169,12nh_170,39,11.8019468427843,39,24,Non-alternating
170,12nh_171,35,11.8067204826985,35,20,Non-alternating
171,12nh_172,59,11.8123132527222,59,10,Non-alternating
172,12nh_173,55,11.8398453883766,55,14,Non-alternating
173,12nh_174,37,11.8645222080282,3,22,Non-alternating
174,12nh_175,51,11.8911984793087,51,10,Non-alternating
175,12nh_176,39,11.8913367796618,31,30,Non-alternating
176,12nh_177,29,11.9045728928096,27,18,Non-alternating
177,12nh_178,45,11.9077576661546,45,16,Non-alternating
178,12nh_179,43,11.9246090720701,37,14,Non-alternating
179,12nh_180,37,11.9290608882430,27,20,Non-alternating
180,12nh_181,37,11.9429019649999,21,20,Non-alternating
181,12nh_182,37,11.9447388958298,5,20,Non-alternating
182,12nh_183,43,11.9532140723938,19,30,Non-alternating
183,12nh_184,55,11.9589128425044,55,20,Non-alternating
184,12nh_185,45,11.9727214096635,45,16,Non-alternating
185,12nh_186,49,11.9946749651281,49,14,Non-alternating
186,12nh_187,37,12.0290859272054,37,14,Non-alternating
187,12nh_188,41,12.0474928652057,7,14,Non-alternating
188,12nh_189,39,12.0691316786401,39,14,Non-alternating
189,12nh_190,39,12.0697121834227,7,28,Non-alternating
190,12nh_191,53,12.0718723287545,53,6,Non-alternating
191,12nh_192,53,12.0827582822194,53,14,Non-alternating
192,12nh_193,37,12.0858489581914,35,20,Non-alternating
193,12nh_194,39,12.0923850132445,39,20,Non-alternating
194,12nh_195,37,12.1069026717564,37,14,Non-alternating
195,12nh_196,49,12.1129208339721,49,14,Non-alternating
196,12nh_197,55,12.1134344534227,55,20,Non-alternating
197,12nh_198,49,12.1264273040611,49,28,Non-alternating
198,12nh_199,49,12.1618421011243,49,8,Non-alternating
199,12nh_200,45,12.1625269560065,45,18,Non-alternating
200,12nh_201,45,12.1918407622740,45,14,Non-alternating
201,12nh_202,41,12.2045429305226,39,6,Non-alternating
202,12nh_203,49,12.2193350112657,49,18,Non-alternating
203,12nh_204,37,12.2354358334475,37,14,Non-alternating
204,12nh_205,37,12.2529810009585,35,20,Non-alternating
205,12nh_206,63,12.2668400407566,63,22,Non-alternating
206,12nh_207,33,12.2799188065356,31,8,Non-alternating
207,12nh_208,51,12.2900629687721,51,2,Non-alternating
208,12nh_209,43,12.2992137807753,11,4,Non-alternating
209,12nh_210,45,12.3104167362126,45,14,Non-alternating
210,12nh_211,41,12.3137276044265,25,10,Non-alternating
211,12nh_212,35,12.3265563647841,19,14,Non-alternating
212,12nh_213,33,12.3350755770303,31,10,Non-alternating
213,12nh_214,41,12.3453328438486,39,10,Non-alternating
214,12nh_215,67,12.3506431879240,67,12,Non-alternating
215,12nh_216,39,12.3509062091582,25,26,Non-alternating
216,12nh_217,53,12.3559319365909,53,16,Non-alternating
217,12nh_218,41,12.3738103950320,41,14,Non-alternating
218,12nh_219,47,12.3803114558240,47,20,Non-alternating
219,12nh_220,39,12.3868643819544,23,16,Non-alternating
220,12nh_221,65,12.4143089477970,65,10,Non-alternating
221,12nh_222,39,12.4168275137887,33,14,Non-alternating
222,12nh_223,41,12.4304188289733,41,4,Non-alternating
223,12nh_224,59,12.4368294333920,59,8,Non-alternating
224,12nh_225,55,12.4507196411843,55,18,Non-alternating
225,12nh_226,57,12.4567929563932,57,18,Non-alternating
226,12nh_227,45,12.4841151311085,21,28,Non-alternating
227,12nh_228,47,12.5089921300736,15,16,Non-alternating
228,12nh_229,49,12.5165364964791,49,18,Non-alternating
229,12nh_230,39,12.5169281404462,23,26,Non-alternating
230,12nh_231,47,12.5329044021873,47,20,Non-alternating
231,12nh_232,45,12.5383394022137,35,10,Non-alternating
232,12nh_233,67,12.5540725870739,67,26,Non-alternating
233,12nh_234,61,12.5718996861084,61,0,Non-alternating
234,12nh_235,73,12.5829461249365,73,20,Non-alternating
235,12nh_236,37,12.5997918278151,19,22,Non-alternating
236,12nh_237,63,12.6033854757429,63,4,Non-alternating
237,12nh_238,43,12.6268438019759,43,8,Non-alternating
238,12nh_239,43,12.6358138730742,43,14,Non-alternating
239,12nh_240,57,12.6383775966759,57,12,Non-alternating
240,12nh_241,55,12.6641098975226,55,22,Non-alternating
241,12nh_242,41,12.6657223121076,39,8,Non-alternating
242,12nh_243,33,12.6757810912182,15,12,Non-alternating
243,12nh_244,45,12.6777563722113,37,32,Non-alternating
244,12nh_245,41,12.6802841287437,41,16,Non-alternating
245,12nh_246,53,12.7003049883397,53,-4,Non-alternating
246,12nh_247,47,12.7063350417783,47,-2,Non-alternating
247,12nh_248,37,12.7091731144013,27,24,Non-alternating
248,12nh_249,59,12.7111938670023,59,2,Non-alternating
249,12nh_250,43,12.7160978835980,27,16,Non-alternating
250,12nh_251,45,12.7180401209639,45,4,Non-alternating
251,12nh_252,45,12.7191807844407,29,10,Non-alternating
252,12nh_253,63,12.7194266867283,63,20,Non-alternating
253,12nh_254,59,12.7218819453561,59,18,Non-alternating
254,12nh_255,65,12.7312438890213,65,10,Non-alternating
255,12nh_256,71,12.7329919254001,71,4,Non-alternating
256,12nh_257,63,12.7416770679880,63,14,Non-alternating
257,12nh_258,37,12.7556700964203,29,26,Non-alternating
258,12nh_259,49,12.7629962343781,49,16,Non-alternating
259,12nh_260,61,12.7651366672766,61,14,Non-alternating
260,12nh_261,41,12.7719390087673,9,12,Non-alternating
261,12nh_262,45,12.7789100746088,13,18,Non-alternating
262,12nh_263,43,12.7811960085960,5,18,Non-alternating
263,12nh_264,63,12.7896208735851,63,14,Non-alternating
264,12nh_265,59,12.7942252870434,59,20,Non-alternating
265,12nh_266,63,12.8043054916203,63,-2,Non-alternating
266,12nh_267,45,12.8082288208133,45,14,Non-alternating
267,12nh_268,61,12.8149799644222,61,8,Non-alternating
268,12nh_269,49,12.8201861548559,17,8,Non-alternating
269,12nh_270,49,12.8314802684104,15,12,Non-alternating
270,12nh_271,41,12.8518545126351,9,10,Non-alternating
271,12nh_272,41,12.8690027098690,9,12,Non-alternating
272,12nh_273,61,12.8845173837076,61,20,Non-alternating
273,12nh_274,43,12.8892362255878,35,28,Non-alternating
274,12nh_275,51,12.8942866637061,51,22,Non-alternating
275,12nh_276,41,12.8945018076550,7,12,Non-alternating
276,12nh_277,55,12.8980566659787,55,12,Non-alternating
277,12nh_278,45,12.9119236414545,45,14,Non-alternating
278,12nh_279,41,12.9155646038187,25,12,Non-alternating
279,12nh_280,41,12.9335106806527,9,14,Non-alternating
280,12nh_281,41,12.9335106806527,9,14,Non-alternating
281,12nh_282,41,12.9335106806527,9,14,Non-alternating
282,12nh_283,49,12.9458278268661,1,14,Non-alternating
283,12nh_284,49,12.9458278268661,1,14,Non-alternating
284,12nh_285,55,12.9681622219578,55,12,Non-alternating
285,12nh_286,59,12.9922412669517,59,16,Non-alternating
286,12nh_287,41,13.0053717912653,23,8,Non-alternating
287,12nh_288,63,13.0092012690115,63,26,Non-alternating
288,12nh_289,67,13.0441575844120,67,26,Non-alternating
289,12nh_290,43,13.0546770443596,27,18,Non-alternating
290,12nh_291,41,13.0726642867416,9,16,Non-alternating
291,12nh_292,43,13.0819002811794,27,14,Non-alternating
292,12nh_293,59,13.0879113064389,59,12,Non-alternating
293,12nh_294,55,13.1013924209219,55,12,Non-alternating
294,12nh_295,65,13.1043600601168,65,10,Non-alternating
295,12nh_296,73,13.1109813007082,73,24,Non-alternating
296,12nh_297,63,13.1152135057164,63,20,Non-alternating
297,12nh_298,51,13.1178667255154,51,14,Non-alternating
298,12nh_299,65,13.1292930655667,65,22,Non-alternating
299,12nh_300,43,13.1708296517831,43,20,Non-alternating
300,12nh_301,49,13.1732436425115,1,10,Non-alternating
301,12nh_302,69,13.1870056101816,69,6,Non-alternating
302,12nh_303,73,13.1889278034511,73,18,Non-alternating
303,12nh_304,49,13.1935163405510,49,6,Non-alternating
304,12nh_305,75,13.1985602824329,75,26,Non-alternating
305,12nh_306,43,13.2044502575268,35,28,Non-alternating
306,12nh_307,61,13.2132648575951,61,14,Non-alternating
307,12nh_308,41,13.2299025807894,25,6,Non-alternating
308,12nh_309,45,13.2355221158220,13,22,Non-alternating
309,12nh_310,67,13.2424766756717,67,18,Non-alternating
310,12nh_311,53,13.2615457296581,53,14,Non-alternating
311,12nh_312,51,13.2681185102554,51,8,Non-alternating
312,12nh_313,49,13.3033427486794,47,8,Non-alternating
313,12nh_314,41,13.3074524221446,39,8,Non-alternating
314,12nh_315,51,13.3160992234085,19,16,Non-alternating
315,12nh_316,45,13.3202106909722,45,14,Non-alternating
316,12nh_317,43,13.3338503654789,27,16,Non-alternating
317,12nh_318,63,13.3388057718102,63,12,Non-alternating
318,12nh_319,71,13.3510508739763,71,16,Non-alternating
319,12nh_320,41,13.3663316274897,25,14,Non-alternating
320,12nh_321,53,13.3871079391909,53,6,Non-alternating
321,12nh_322,67,13.4065932489784,67,18,Non-alternating
322,12nh_323,45,13.4077889123401,29,20,Non-alternating
323,12nh_324,69,13.4080338723677,69,14,Non-alternating
324,12nh_325,51,13.4133844605406,51,20,Non-alternating
325,12nh_326,49,13.4173743918757,49,8,Non-alternating
326,12nh_327,55,13.4268118513260,55,12,Non-alternating
327,12nh_328,45,13.4285754427767,43,20,Non-alternating
328,12nh_329,45,13.4285754427767,43,20,Non-alternating
329,12nh_330,67,13.4286633952489,67,8,Non-alternating
330,12nh_331,45,13.4345596379516,21,24,Non-alternating
331,12nh_332,45,13.4345596379515,21,24,Non-alternating
332,12nh_333,55,13.4360135414781,55,24,Non-alternating
333,12nh_334,47,13.4515180688900,47,16,Non-alternating
334,12nh_335,81,13.4692794315642,81,10,Non-alternating
335,12nh_336,77,13.4841612150356,77,-4,Non-alternating
336,12nh_337,77,13.4951073408364,77,14,Non-alternating
337,12nh_338,47,13.4988385656485,31,16,Non-alternating
338,12nh_339,51,13.5034101040057,51,12,Non-alternating
339,12nh_340,41,13.5083383176367,25,8,Non-alternating
340,12nh_341,41,13.5083383176367,25,8,Non-alternating
341,12nh_342,69,13.5297200730970,69,12,Non-alternating
342,12nh_343,51,13.5870558251095,35,14,Non-alternating
343,12nh_344,51,13.5987550541245,35,18,Non-alternating
344,12nh_345,49,13.6047769528009,49,14,Non-alternating
345,12nh_346,67,13.6205230754280,67,12,Non-alternating
346,12nh_347,65,13.6207887516526,65,2,Non-alternating
347,12nh_348,53,13.6407517462884,45,32,Non-alternating
348,12nh_349,55,13.6513098694127,55,14,Non-alternating
349,12nh_350,65,13.6531715481907,65,12,Non-alternating
350,12nh_351,65,13.6616990198861,65,24,Non-alternating
351,12nh_352,45,13.6621413065831,29,18,Non-alternating
352,12nh_353,69,13.6862329828235,69,10,Non-alternating
353,12nh_354,69,13.6928354329416,69,20,Non-alternating
354,12nh_355,79,13.6938048994714,79,26,Non-alternating
355,12nh_356,51,13.6946729284101,45,14,Non-alternating
356,12nh_357,53,13.6949479204099,21,18,Non-alternating
357,12nh_358,49,13.6960383965603,49,14,Non-alternating
358,12nh_359,49,13.6963820255057,49,14,Non-alternating
359,12nh_360,43,13.6991553216487,27,14,Non-alternating
360,12nh_361,47,13.7046305616669,15,28,Non-alternating
361,12nh_362,83,13.7071463783280,83,2,Non-alternating
362,12nh_363,67,13.7242382698652,67,12,Non-alternating
363,12nh_364,71,13.7324053153914,71,20,Non-alternating
364,12nh_365,61,13.7371109802428,61,16,Non-alternating
365,12nh_366,79,13.7381456240468,79,14,Non-alternating
366,12nh_367,59,13.7470219389528,59,10,Non-alternating
367,12nh_368,65,13.7507449484825,65,6,Non-alternating
368,12nh_369,55,13.7510471231721,55,12,Non-alternating
369,12nh_370,63,13.7627010232200,63,24,Non-alternating
370,12nh_371,71,13.7648553529872,71,16,Non-alternating
371,12nh_372,55,13.7953207532812,55,20,Non-alternating
372,12nh_373,67,13.8028762767498,67,20,Non-alternating
373,12nh_374,81,13.8046559922648,81,8,Non-alternating
374,12nh_375,61,13.8170810759271,61,18,Non-alternating
375,12nh_376,81,13.8479241251460,81,10,Non-alternating
376,12nh_377,61,13.8523140598443,61,6,Non-alternating
377,12nh_378,51,13.8524888655787,51,10,Non-alternating
378,12nh_379,71,13.8894599105734,71,-2,Non-alternating
379,12nh_380,53,13.8899113868359,51,20,Non-alternating
380,12nh_381,53,13.8899113868359,51,20,Non-alternating
381,12nh_382,63,13.9038950007147,63,12,Non-alternating
382,12nh_383,73,13.9094621523029,73,8,Non-alternating
383,12nh_384,45,13.9110410578614,11,24,Non-alternating
384,12nh_385,45,13.9110410578614,11,24,Non-alternating
385,12nh_386,77,13.9197575987216,77,22,Non-alternating
386,12nh_387,57,13.9525238124742,57,20,Non-alternating
387,12nh_388,49,13.9555982787796,33,8,Non-alternating
388,12nh_389,55,13.9558157332237,47,30,Non-alternating
389,12nh_390,57,13.9595813915683,57,14,Non-alternating
390,12nh_391,55,13.9812009450550,55,16,Non-alternating
391,12nh_392,69,13.9916584530257,69,24,Non-alternating
392,12nh_393,79,13.9964575206609,79,6,Non-alternating
393,12nh_394,75,14.0033407332488,75,18,Non-alternating
394,12nh_395,45,14.0085373017629,37,26,Non-alternating
395,12nh_396,73,14.0138314347012,73,0,Non-alternating
396,12nh_397,85,14.0150768961752,85,14,Non-alternating
397,12nh_398,69,14.0240658252358,69,18,Non-alternating
398,12nh_399,61,14.0287553085745,61,12,Non-alternating
399,12nh_400,65,14.0430163860349,65,8,Non-alternating
400,12nh_401,75,14.0559935295203,75,12,Non-alternating
401,12nh_402,67,14.0594268941951,67,6,Non-alternating
402,12nh_403,63,14.0619064634957,63,20,Non-alternating
403,12nh_404,83,14.0664149500757,83,16,Non-alternating
404,12nh_405,59,14.0705433375904,59,10,Non-alternating
405,12nh_406,61,14.0812579495830,61,18,Non-alternating
406,12nh_407,69,14.0822455267120,69,14,Non-alternating
407,12nh_408,57,14.0825438742686,57,14,Non-alternating
408,12nh_409,59,14.1097084742537,59,8,Non-alternating
409,12nh_410,77,14.1154009802881,77,22,Non-alternating
410,12nh_411,55,14.1242402743824,39,18,Non-alternating
411,12nh_412,55,14.1242402743824,39,18,Non-alternating
412,12nh_413,75,14.1285111915137,75,16,Non-alternating
413,12nh_414,51,14.1334648771262,51,20,Non-alternating
414,12nh_415,53,14.1504902620274,53,16,Non-alternating
415,12nh_416,57,14.1663944079054,9,10,Non-alternating
416,12nh_417,57,14.1663944079054,9,12,Non-alternating
417,12nh_418,69,14.1776303425909,69,12,Non-alternating
418,12nh_419,63,14.1819757978784,63,20,Non-alternating
419,12nh_420,71,14.1896386776796,71,18,Non-alternating
420,12nh_421,59,14.1953081880732,35,30,Non-alternating
421,12nh_422,59,14.1953081880732,35,30,Non-alternating
422,12nh_423,79,14.2219244533843,79,2,Non-alternating
423,12nh_424,53,14.2338896567071,53,14,Non-alternating
424,12nh_425,75,14.2374911886463,75,20,Non-alternating
425,12nh_426,85,14.2405731364575,85,24,Non-alternating
426,12nh_427,57,14.2572637899550,7,14,Non-alternating
427,12nh_428,57,14.2572637899550,7,14,Non-alternating
428,12nh_429,71,14.2674199201336,71,2,Non-alternating
429,12nh_430,85,14.2704919850684,85,12,Non-alternating
430,12nh_431,71,14.2723076027508,71,12,Non-alternating
431,12nh_432,71,14.2733389530086,71,14,Non-alternating
432,12nh_433,59,14.2822694783355,59,20,Non-alternating
433,12nh_434,49,14.2830671922808,15,8,Non-alternating
434,12nh_435,75,14.2928069993086,75,18,Non-alternating
435,12nh_436,81,14.3083745563729,81,12,Non-alternating
436,12nh_437,77,14.3132410471205,77,14,Non-alternating
437,12nh_438,65,14.3151302133041,65,16,Non-alternating
438,12nh_439,49,14.3292583135729,49,16,Non-alternating
439,12nh_440,79,14.3329611839009,79,16,Non-alternating
440,12nh_441,61,14.3453340997089,61,8,Non-alternating
441,12nh_442,61,14.3483547068145,37,24,Non-alternating
442,12nh_443,61,14.3483547068145,37,24,Non-alternating
443,12nh_444,49,14.3502198408594,47,10,Non-alternating
444,12nh_445,79,14.3588618206492,79,6,Non-alternating
445,12nh_446,83,14.3677687381517,83,12,Non-alternating
446,12nh_447,81,14.3712168865316,81,10,Non-alternating
447,12nh_448,89,14.3735832337722,89,24,Non-alternating
448,12nh_449,75,14.4060728320567,75,20,Non-alternating
449,12nh_450,59,14.4064748772758,59,-2,Non-alternating
450,12nh_451,73,14.4090281721676,73,20,Non-alternating
451,12nh_452,81,14.4090985691808,81,12,Non-alternating
452,12nh_453,81,14.4275381891760,81,22,Non-alternating
453,12nh_454,73,14.4518743136155,73,14,Non-alternating
454,12nh_455,57,14.4623094550302,57,20,Non-alternating
455,12nh_456,75,14.4818497497908,75,14,Non-alternating
456,12nh_457,53,14.4824078998563,21,22,Non-alternating
457,12nh_458,77,14.4826796167794,77,20,Non-alternating
458,12nh_459,57,14.4852954091733,57,6,Non-alternating
459,12nh_460,71,14.4891982901725,71,8,Non-alternating
460,12nh_461,69,14.4957052762776,69,4,Non-alternating
461,12nh_462,69,14.4957052762776,69,4,Non-alternating
462,12nh_463,91,14.5073793560877,91,18,Non-alternating
463,12nh_464,75,14.5081123097377,75,12,Non-alternating
464,12nh_465,93,14.5092098959748,93,8,Non-alternating
465,12nh_466,63,14.5095651981277,63,12,Non-alternating
466,12nh_467,91,14.5133910371884,91,18,Non-alternating
467,12nh_468,67,14.5301695743455,67,20,Non-alternating
468,12nh_469,57,14.5337450519885,57,14,Non-alternating
469,12nh_470,69,14.5371661110971,69,14,Non-alternating
470,12nh_471,79,14.5387755721830,79,26,Non-alternating
471,12nh_472,53,14.5388839107726,13,24,Non-alternating
472,12nh_473,53,14.5388839107726,13,24,Non-alternating
473,12nh_474,75,14.5524634711219,75,10,Non-alternating
474,12nh_475,89,14.5665146423569,89,18,Non-alternating
475,12nh_476,89,14.5819070321125,89,24,Non-alternating
476,12nh_477,95,14.5848682747745,95,16,Non-alternating
477,12nh_478,91,14.5877745258615,91,26,Non-alternating
478,12nh_479,73,14.5877951026093,73,14,Non-alternating
479,12nh_480,59,14.5915094913820,43,14,Non-alternating
480,12nh_481,81,14.5984266515943,81,22,Non-alternating
481,12nh_482,85,14.6054382534379,85,8,Non-alternating
482,12nh_483,63,14.6056256703364,63,12,Non-alternating
483,12nh_484,91,14.6137688853591,91,26,Non-alternating
484,12nh_485,81,14.6211780034000,81,12,Non-alternating
485,12nh_486,79,14.6316311819764,79,18,Non-alternating
486,12nh_487,63,14.6374458777139,63,20,Non-alternating
487,12nh_488,79,14.6414845105948,79,20,Non-alternating
488,12nh_489,89,14.6851729317115,89,20,Non-alternating
489,12nh_490,83,14.6910169641350,83,4,Non-alternating
490,12nh_491,77,14.6996960602524,77,10,Non-alternating
491,12nh_492,75,14.7008526842374,75,12,Non-alternating
492,12nh_493,53,14.7113514043661,21,20,Non-alternating
493,12nh_494,85,14.7159396521913,85,20,Non-alternating
494,12nh_495,63,14.7212069009774,31,18,Non-alternating
495,12nh_496,63,14.7212069009774,31,18,Non-alternating
496,12nh_497,85,14.7263112278252,85,6,Non-alternating
497,12nh_498,65,14.7384668319359,65,20,Non-alternating
498,12nh_499,93,14.7500206184815,93,14,Non-alternating
499,12nh_500,81,14.7584948149340,81,12,Non-alternating
500,12nh_501,83,14.7636456495286,83,18,Non-alternating
501,12nh_502,81,14.7650918664400,81,10,Non-alternating
502,12nh_503,85,14.7754011960316,85,22,Non-alternating
503,12nh_504,95,14.7862779964326,95,14,Non-alternating
504,12nh_505,79,14.7901606990659,79,18,Non-alternating
505,12nh_506,77,14.7941291000215,77,8,Non-alternating
506,12nh_507,73,14.8239406762835,73,18,Non-alternating
507,12nh_508,79,14.8324475054125,79,18,Non-alternating
508,12nh_509,73,14.8338575941511,73,18,Non-alternating
509,12nh_510,81,14.8448302598807,81,8,Non-alternating
510,12nh_511,81,14.8536457853098,81,2,Non-alternating
511,12nh_512,91,14.8591879194555,91,12,Non-alternating
512,12nh_513,97,14.8605393306182,97,20,Non-alternating
513,12nh_514,57,14.8627462955026,55,10,Non-alternating
514,12nh_515,81,14.8654568284145,81,6,Non-alternating
515,12nh_516,81,14.8654568284145,81,6,Non-alternating
516,12nh_517,53,14.8674787366116,45,26,Non-alternating
517,12nh_518,85,14.9199214904717,85,12,Non-alternating
518,12nh_519,99,14.9245501266136,99,18,Non-alternating
519,12nh_520,69,14.9380854854754,69,18,Non-alternating
520,12nh_521,77,14.9529414252120,77,24,Non-alternating
521,12nh_522,69,14.9543143983861,69,16,Non-alternating
522,12nh_523,71,14.9574836894638,71,20,Non-alternating
523,12nh_524,65,14.9590383222895,65,14,Non-alternating
524,12nh_525,65,14.9590383222895,65,14,Non-alternating
525,12nh_526,85,14.9605645814873,85,-4,Non-alternating
526,12nh_527,61,14.9611838895385,3,20,Non-alternating
527,12nh_528,65,14.9716930166762,33,14,Non-alternating
528,12nh_529,65,14.9716930166762,33,14,Non-alternating
529,12nh_530,77,14.9832932444943,77,18,Non-alternating
530,12nh_531,91,14.9855816575290,91,6,Non-alternating
531,12nh_532,65,14.9872578585366,65,14,Non-alternating
532,12nh_533,73,14.9969197180308,73,18,Non-alternating
533,12nh_534,87,14.9979028508287,87,16,Non-alternating
534,12nh_535,61,14.9987686694761,45,12,Non-alternating
535,12nh_536,63,15.0070924910659,63,16,Non-alternating
536,12nh_537,85,15.0268244095739,85,12,Non-alternating
537,12nh_538,65,15.0293271695591,65,12,Non-alternating
538,12nh_539,77,15.0538654276267,77,6,Non-alternating
539,12nh_540,81,15.0578930931061,81,14,Non-alternating
540,12nh_541,83,15.0639781409807,83,16,Non-alternating
541,12nh_542,95,15.0712744133112,95,4,Non-alternating
542,12nh_543,97,15.0788184760211,97,24,Non-alternating
543,12nh_544,75,15.0849873378590,75,18,Non-alternating
544,12nh_545,99,15.0893193670955,99,18,Non-alternating
545,12nh_546,77,15.0943577382503,77,18,Non-alternating
546,12nh_547,77,15.0943577382503,77,18,Non-alternating
547,12nh_548,85,15.1172622274869,85,20,Non-alternating
548,12nh_549,83,15.1230050033766,83,12,Non-alternating
549,12nh_550,79,15.1422972041295,79,6,Non-alternating
550,12nh_551,81,15.1490176948060,81,14,Non-alternating
551,12nh_552,81,15.1490176948060,81,14,Non-alternating
552,12nh_553,81,15.1490176948060,81,14,Non-alternating
553,12nh_554,57,15.1514884227728,25,14,Non-alternating
554,12nh_555,57,15.1514884227728,25,14,Non-alternating
555,12nh_556,83,15.1518058895725,83,12,Non-alternating
556,12nh_557,99,15.1593183897956,99,16,Non-alternating
557,12nh_558,99,15.1645593183545,99,6,Non-alternating
558,12nh_559,91,15.1740653293511,91,2,Non-alternating
559,12nh_560,75,15.1750602403999,75,8,Non-alternating
560,12nh_561,95,15.1855009345594,95,14,Non-alternating
561,12nh_562,99,15.1865194800768,99,26,Non-alternating
562,12nh_563,85,15.1893504530629,85,20,Non-alternating
563,12nh_564,89,15.1990530558451,89,10,Non-alternating
564,12nh_565,105,15.2166177091753,105,10,Non-alternating
565,12nh_566,61,15.2291004485138,61,14,Non-alternating
566,12nh_567,89,15.2354157647982,89,22,Non-alternating
567,12nh_568,87,15.2392164898820,87,20,Non-alternating
568,12nh_569,65,15.2513438729971,65,16,Non-alternating
569,12nh_570,95,15.2557897916653,95,16,Non-alternating
570,12nh_571,97,15.2628084259693,97,24,Non-alternating
571,12nh_572,81,15.2640021293423,81,8,Non-alternating
572,12nh_573,63,15.2656857854848,63,24,Non-alternating
573,12nh_574,79,15.2704878662792,79,20,Non-alternating
574,12nh_575,81,15.2709027114195,81,12,Non-alternating
575,12nh_576,99,15.2730226164438,99,16,Non-alternating
576,12nh_577,67,15.2974253946974,59,30,Non-alternating
577,12nh_578,67,15.2974253946974,59,30,Non-alternating
578,12nh_579,57,15.3149155133615,55,8,Non-alternating
579,12nh_580,73,15.3203889640332,73,12,Non-alternating
580,12nh_581,93,15.3217704043750,93,-4,Non-alternating
581,12nh_582,103,15.3392364001793,103,14,Non-alternating
582,12nh_583,91,15.3465250415973,91,14,Non-alternating
583,12nh_584,91,15.3497620042265,91,12,Non-alternating
584,12nh_585,87,15.3838961502148,87,16,Non-alternating
585,12nh_586,89,15.3843521842660,89,20,Non-alternating
586,12nh_587,95,15.3858247993121,95,2,Non-alternating
587,12nh_588,67,15.4085577483498,67,10,Non-alternating
588,12nh_589,67,15.4146082283307,51,18,Non-alternating
589,12nh_590,77,15.4269388360486,77,4,Non-alternating
590,12nh_591,77,15.4269388360486,77,4,Non-alternating
591,12nh_592,91,15.4273204928541,91,16,Non-alternating
592,12nh_593,83,15.4283250894867,83,26,Non-alternating
593,12nh_594,97,15.4420693426146,97,10,Non-alternating
594,12nh_595,65,15.4441071752776,49,14,Non-alternating
595,12nh_596,65,15.4441071752776,49,14,Non-alternating
596,12nh_597,101,15.4469615058969,101,10,Non-alternating
597,12nh_598,75,15.4550837971393,75,12,Non-alternating
598,12nh_599,95,15.4591818759435,95,16,Non-alternating
599,12nh_600,93,15.4606680917291,93,20,Non-alternating
600,12nh_601,87,15.4624178758780,87,18,Non-alternating
601,12nh_602,99,15.4660816089305,99,14,Non-alternating
602,12nh_603,91,15.4834832625397,91,14,Non-alternating
603,12nh_604,65,15.4840395981656,65,14,Non-alternating
604,12nh_605,71,15.4873531132500,63,30,Non-alternating
605,12nh_606,91,15.4900054129552,91,18,Non-alternating
606,12nh_607,89,15.5018093493945,89,12,Non-alternating
607,12nh_608,101,15.5051065847367,101,24,Non-alternating
608,12nh_609,95,15.5060541280970,95,4,Non-alternating
609,12nh_610,85,15.5229096693069,85,10,Non-alternating
610,12nh_611,93,15.5253455431996,93,12,Non-alternating
611,12nh_612,99,15.5255680780851,99,16,Non-alternating
612,12nh_613,71,15.5432758322146,71,20,Non-alternating
613,12nh_614,95,15.5619772296353,95,-6,Non-alternating
614,12nh_615,95,15.5619772296353,95,-6,Non-alternating
615,12nh_616,81,15.5853601998309,81,6,Non-alternating
616,12nh_617,95,15.5943417024125,95,16,Non-alternating
617,12nh_618,99,15.6108875180196,99,14,Non-alternating
618,12nh_619,89,15.6143861671937,89,8,Non-alternating
619,12nh_620,91,15.6191515936419,91,14,Non-alternating
620,12nh_621,65,15.6197450958133,63,10,Non-alternating
621,12nh_622,107,15.6199476972506,107,18,Non-alternating
622,12nh_623,79,15.6323331193405,79,12,Non-alternating
623,12nh_624,81,15.6491585102897,81,14,Non-alternating
624,12nh_625,77,15.6503333725485,77,18,Non-alternating
625,12nh_626,111,15.6503628580337,111,14,Non-alternating
626,12nh_627,69,15.6516415660929,69,14,Non-alternating
627,12nh_628,107,15.6517452587287,107,16,Non-alternating
628,12nh_629,97,15.6604018182334,97,18,Non-alternating
629,12nh_630,87,15.6904876738923,87,18,Non-alternating
630,12nh_631,81,15.6953752099875,81,14,Non-alternating
631,12nh_632,101,15.7068403837331,101,8,Non-alternating
632,12nh_633,97,15.7130890357347,97,20,Non-alternating
633,12nh_634,99,15.7211590154528,99,8,Non-alternating
634,12nh_635,99,15.7211590154528,99,12,Non-alternating
635,12nh_636,99,15.7211590154528,99,8,Non-alternating
636,12nh_637,83,15.7251973126169,83,12,Non-alternating
637,12nh_638,73,15.7491452215425,73,20,Non-alternating
638,12nh_639,105,15.7508811623386,105,24,Non-alternating
639,12nh_640,85,15.7535100947634,85,12,Non-alternating
640,12nh_641,105,15.7750208992918,105,20,Non-alternating
641,12nh_642,97,15.8025393232204,97,-4,Non-alternating
642,12nh_643,87,15.8052577576542,87,12,Non-alternating
643,12nh_644,99,15.8290262373472,99,18,Non-alternating
644,12nh_645,101,15.8376981696522,101,10,Non-alternating
645,12nh_646,97,15.8407699496428,97,20,Non-alternating
646,12nh_647,105,15.8550164950113,105,20,Non-alternating
647,12nh_648,101,15.8670162222623,101,22,Non-alternating
648,12nh_649,97,15.8690436853239,97,8,Non-alternating
649,12nh_650,99,15.8696718794633,99,12,Non-alternating
650,12nh_651,105,15.8731554265255,105,20,Non-alternating
651,12nh_652,99,15.8753744313544,99,16,Non-alternating
652,12nh_653,71,15.8777357490231,39,18,Non-alternating
653,12nh_654,91,15.8817286789876,91,14,Non-alternating
654,12nh_655,73,15.8961794863701,57,12,Non-alternating
655,12nh_656,89,15.8987478146468,89,18,Non-alternating
656,12nh_657,99,15.9109177132691,99,12,Non-alternating
657,12nh_658,93,15.9436622012585,93,8,Non-alternating
658,12nh_659,87,15.9548735569610,87,20,Non-alternating
659,12nh_660,99,15.9571454505048,99,4,Non-alternating
660,12nh_661,81,15.9614018024329,81,14,Non-alternating
661,12nh_662,109,15.9697419198003,109,24,Non-alternating
662,12nh_663,85,15.9755558375883,85,12,Non-alternating
663,12nh_664,93,15.9916255969980,93,24,Non-alternating
664,12nh_665,73,15.9965077745520,73,14,Non-alternating
665,12nh_666,99,16.0012457823927,99,2,Non-alternating
666,12nh_667,109,16.0127265588147,109,12,Non-alternating
667,12nh_668,99,16.0128016133945,99,6,Non-alternating
668,12nh_669,81,16.0146117823075,81,12,Non-alternating
669,12nh_670,103,16.0285055729776,103,18,Non-alternating
670,12nh_671,99,16.0451481027697,99,14,Non-alternating
671,12nh_672,93,16.0464242898431,93,20,Non-alternating
672,12nh_673,91,16.0497621327400,91,12,Non-alternating
673,12nh_674,89,16.0572033698613,89,12,Non-alternating
674,12nh_675,109,16.0686178006732,109,8,Non-alternating
675,12nh_676,105,16.0764097530672,105,18,Non-alternating
676,12nh_677,105,16.0847689343314,105,18,Non-alternating
677,12nh_678,99,16.0861761059212,99,14,Non-alternating
678,12nh_679,85,16.0920887737624,85,14,Non-alternating
679,12nh_680,85,16.0927468956564,85,18,Non-alternating
680,12nh_681,91,16.0931522461417,91,12,Non-alternating
681,12nh_682,85,16.0989127164988,85,18,Non-alternating
682,12nh_683,95,16.0998051038139,95,18,Non-alternating
683,12nh_684,101,16.1003309614792,101,6,Non-alternating
684,12nh_685,99,16.1278298229771,99,18,Non-alternating
685,12nh_686,101,16.1377075224875,101,10,Non-alternating
686,12nh_687,105,16.1447101282989,105,10,Non-alternating
687,12nh_688,91,16.1533135582632,91,12,Non-alternating
688,12nh_689,111,16.1601903803706,111,16,Non-alternating
689,12nh_690,107,16.1647386118682,107,16,Non-alternating
690,12nh_691,95,16.1705109268701,95,26,Non-alternating
691,12nh_692,93,16.1912588119944,93,10,Non-alternating
692,12nh_693,99,16.2020822363191,99,8,Non-alternating
693,12nh_694,111,16.2041229614933,111,18,Non-alternating
694,12nh_695,91,16.2441252810309,91,20,Non-alternating
695,12nh_696,95,16.2757117528661,95,14,Non-alternating
696,12nh_697,107,16.2840063782383,107,16,Non-alternating
697,12nh_698,111,16.3284295091291,111,18,Non-alternating
698,12nh_699,111,16.3284295091291,111,18,Non-alternating
699,12nh_700,117,16.3438491118482,117,10,Non-alternating
700,12nh_701,103,16.3452832582418,103,20,Non-alternating
701,12nh_702,103,16.3452832582418,103,20,Non-alternating
702,12nh_703,109,16.3719890859781,109,24,Non-alternating
703,12nh_704,105,16.3727947538921,105,18,Non-alternating
704,12nh_705,77,16.3836357685246,77,16,Non-alternating
705,12nh_706,83,16.3875845205246,83,10,Non-alternating
706,12nh_707,103,16.3943301252329,103,4,Non-alternating
707,12nh_708,81,16.3957987418941,81,14,Non-alternating
708,12nh_709,79,16.4008865742060,63,18,Non-alternating
709,12nh_710,111,16.4009282332642,111,14,Non-alternating
710,12nh_711,117,16.4022031037238,117,24,Non-alternating
711,12nh_712,95,16.4075000633417,95,20,Non-alternating
712,12nh_713,89,16.4135277837605,89,14,Non-alternating
713,12nh_714,89,16.4135277837605,89,14,Non-alternating
714,12nh_715,109,16.4465555216529,109,10,Non-alternating
715,12nh_716,109,16.4465555216529,109,10,Non-alternating
716,12nh_717,115,16.4563269137274,115,16,Non-alternating
717,12nh_718,95,16.4569785653038,95,20,Non-alternating
718,12nh_719,97,16.4621144969187,97,12,Non-alternating
719,12nh_720,93,16.4675403461725,93,18,Non-alternating
720,12nh_721,93,16.4675403461725,93,18,Non-alternating
721,12nh_722,103,16.4753045847131,103,18,Non-alternating
722,12nh_723,91,16.4757781272692,91,12,Non-alternating
723,12nh_724,99,16.4882674746861,99,12,Non-alternating
724,12nh_725,99,16.5000229795862,99,14,Non-alternating
725,12nh_726,103,16.5072197897001,103,18,Non-alternating
726,12nh_727,103,16.5072197897001,103,18,Non-alternating
727,12nh_728,113,16.5535053812770,113,10,Non-alternating
728,12nh_729,95,16.5537717591443,95,12,Non-alternating
729,12nh_730,105,16.5640470240365,105,-4,Non-alternating
730,12nh_731,95,16.5676133574707,95,18,Non-alternating
731,12nh_732,97,16.5804063282616,97,20,Non-alternating
732,12nh_733,99,16.5812512794938,99,12,Non-alternating
733,12nh_734,99,16.5812512794938,99,12,Non-alternating
734,12nh_735,119,16.5821098428987,119,16,Non-alternating
735,12nh_736,111,16.5878241578842,111,2,Non-alternating
736,12nh_737,105,16.5973885581437,105,0,Non-alternating
737,12nh_738,113,16.6062681101721,113,20,Non-alternating
738,12nh_739,81,16.6074306564021,81,4,Non-alternating
739,12nh_740,103,16.6158487933557,103,14,Non-alternating
740,12nh_741,107,16.6172551893631,107,16,Non-alternating
741,12nh_742,123,16.6421753008345,123,16,Non-alternating
742,12nh_743,109,16.6468753888271,109,12,Non-alternating
743,12nh_744,109,16.6662470400421,109,12,Non-alternating
744,12nh_745,107,16.6984577362072,107,8,Non-alternating
745,12nh_746,85,16.7035311125064,85,8,Non-alternating
746,12nh_747,117,16.7119452392503,117,10,Non-alternating
747,12nh_748,81,16.7229000964890,81,4,Non-alternating
748,12nh_749,101,16.7307332035829,101,12,Non-alternating
749,12nh_750,97,16.7369115028109,97,14,Non-alternating
750,12nh_751,97,16.7369115028109,97,6,Non-alternating
751,12nh_752,113,16.7524461980290,113,18,Non-alternating
752,12nh_753,93,16.7599736238452,93,18,Non-alternating
753,12nh_754,101,16.7734069084701,101,20,Non-alternating
754,12nh_755,103,16.7760284259849,103,20,Non-alternating
755,12nh_756,109,16.7819749224496,109,8,Non-alternating
756,12nh_757,115,16.7868738051921,115,26,Non-alternating
757,12nh_758,115,16.7909593646225,115,14,Non-alternating
758,12nh_759,107,16.7932540390410,107,12,Non-alternating
759,12nh_760,107,16.7932540390410,107,12,Non-alternating
760,12nh_761,113,16.8077789811508,113,24,Non-alternating
761,12nh_762,129,16.8176456381943,129,24,Non-alternating
762,12nh_763,129,16.8176456381943,129,24,Non-alternating
763,12nh_764,121,16.8243201788631,121,24,Non-alternating
764,12nh_765,99,16.8301486701539,99,12,Non-alternating
765,12nh_766,119,16.8362851994155,119,16,Non-alternating
766,12nh_767,111,16.8480796923405,111,16,Non-alternating
767,12nh_768,109,16.8503581092310,109,6,Non-alternating
768,12nh_769,111,16.8602406736566,111,26,Non-alternating
769,12nh_770,135,16.8690890262885,135,16,Non-alternating
770,12nh_771,117,16.8852880124817,117,8,Non-alternating
771,12nh_772,103,16.9363219365383,103,26,Non-alternating
772,12nh_773,117,16.9485877757755,117,8,Non-alternating
773,12nh_774,119,16.9790004553992,119,14,Non-alternating
774,12nh_775,115,16.9990569484025,115,16,Non-alternating
775,12nh_776,121,17.0103317878174,121,24,Non-alternating
776,12nh_777,117,17.0140373597669,117,8,Non-alternating
777,12nh_778,117,17.0140373597669,117,8,Non-alternating
778,12nh_779,115,17.0387074826683,115,8,Non-alternating
779,12nh_780,115,17.0387074826683,115,8,Non-alternating
780,12nh_781,89,17.0492359147952,89,14,Non-alternating
781,12nh_782,119,17.0516120121612,119,26,Non-alternating
782,12nh_783,119,17.0516120121612,119,26,Non-alternating
783,12nh_784,105,17.0561185470130,105,12,Non-alternating
784,12nh_785,119,17.0711266785819,119,16,Non-alternating
785,12nh_786,95,17.0719460955279,95,20,Non-alternating
786,12nh_787,117,17.0934692440382,117,24,Non-alternating
787,12nh_788,119,17.0943726219779,119,16,Non-alternating
788,12nh_789,109,17.1136621041942,109,8,Non-alternating
789,12nh_790,117,17.1357753694466,117,10,Non-alternating
790,12nh_791,107,17.1390591097012,107,12,Non-alternating
791,12nh_792,115,17.1700826067911,115,2,Non-alternating
792,12nh_793,121,17.1702695522365,121,10,Non-alternating
793,12nh_794,125,17.1939389619115,125,10,Non-alternating
794,12nh_795,121,17.2033662921622,121,8,Non-alternating
795,12nh_796,105,17.2115522723494,105,14,Non-alternating
796,12nh_797,117,17.2276215061475,117,8,Non-alternating
797,12nh_798,111,17.2447446643118,111,20,Non-alternating
798,12nh_799,119,17.2835050783704,119,18,Non-alternating
799,12nh_800,125,17.3033792374089,125,22,Non-alternating
800,12nh_801,119,17.3090705364756,119,2,Non-alternating
801,12nh_802,119,17.3090705364756,119,18,Non-alternating
802,12nh_803,115,17.3429613581053,115,12,Non-alternating
803,12nh_804,125,17.3570021552112,125,10,Non-alternating
804,12nh_805,107,17.3812924860199,107,14,Non-alternating
805,12nh_806,113,17.3814721161915,113,20,Non-alternating
806,12nh_807,113,17.3858915082459,113,8,Non-alternating
807,12nh_808,125,17.4034241953918,125,24,Non-alternating
808,12nh_809,127,17.4173562374783,127,14,Non-alternating
809,12nh_810,129,17.4569475269957,129,8,Non-alternating
810,12nh_811,125,17.4654775567404,125,12,Non-alternating
811,12nh_812,119,17.4666882324405,119,14,Non-alternating
812,12nh_813,125,17.4721495008658,125,8,Non-alternating
813,12nh_814,123,17.4741114304603,123,12,Non-alternating
814,12nh_815,123,17.4741114304603,123,12,Non-alternating
815,12nh_816,127,17.4771926893181,127,16,Non-alternating
816,12nh_817,131,17.4954579436962,131,16,Non-alternating
817,12nh_818,111,17.5019329374620,111,18,Non-alternating
818,12nh_819,105,17.5192194472351,105,14,Non-alternating
819,12nh_820,115,17.5281553963216,115,14,Non-alternating
820,12nh_821,107,17.5347320309530,107,12,Non-alternating
821,12nh_822,129,17.5700037287204,129,20,Non-alternating
822,12nh_823,115,17.6063168047777,115,14,Non-alternating
823,12nh_824,125,17.6191084495426,125,10,Non-alternating
824,12nh_825,137,17.6948237038325,137,24,Non-alternating
825,12nh_826,137,17.6948237038325,137,24,Non-alternating
826,12nh_827,135,17.7106847054611,135,16,Non-alternating
827,12nh_828,129,17.7488590418620,129,24,Non-alternating
828,12nh_829,121,17.7583775276100,121,12,Non-alternating
829,12nh_830,121,17.7651385765540,121,18,Non-alternating
830,12nh_831,133,17.7946845040642,133,24,Non-alternating
831,12nh_832,131,17.7997781926252,131,16,Non-alternating
832,12nh_833,127,17.8079658491497,127,18,Non-alternating
833,12nh_834,127,17.8079658491497,127,18,Non-alternating
834,12nh_835,119,17.8340882059369,119,18,Non-alternating
835,12nh_836,133,17.8673425974368,133,12,Non-alternating
836,12nh_837,123,17.8760008739129,123,8,Non-alternating
837,12nh_838,141,17.8954253910862,141,8,Non-alternating
838,12nh_839,141,17.8954253910861,141,8,Non-alternating
839,12nh_840,141,17.9257766773752,141,10,Non-alternating
840,12nh_841,125,17.9290605173254,125,12,Non-alternating
841,12nh_842,123,17.9478294874730,123,12,Non-alternating
842,12nh_843,135,17.9748104473962,135,18,Non-alternating
843,12nh_844,135,17.9748104473962,135,18,Non-alternating
844,12nh_845,127,17.9874972906890,127,20,Non-alternating
845,12nh_846,131,18.0350035775219,131,14,Non-alternating
846,12nh_847,139,18.0600686771144,139,16,Non-alternating
847,12nh_848,115,18.0876148711024,115,12,Non-alternating
848,12nh_849,113,18.1030598289597,113,6,Non-alternating
849,12nh_850,119,18.1403052182565,119,20,Non-alternating
850,12nh_851,143,18.1478670529688,143,16,Non-alternating
851,12nh_852,145,18.1503632777930,145,24,Non-alternating
852,12nh_853,145,18.1503632777930,145,24,Non-alternating
853,12nh_854,133,18.1685203665386,133,10,Non-alternating
854,12nh_855,127,18.1798085553114,127,18,Non-alternating
855,12nh_856,133,18.2246472949675,133,12,Non-alternating
856,12nh_857,123,18.2319131935943,123,14,Non-alternating
857,12nh_858,131,18.3276133636353,131,12,Non-alternating
858,12nh_859,139,18.3765013394896,139,14,Non-alternating
859,12nh_860,135,18.4119740343648,135,18,Non-alternating
860,12nh_861,145,18.4525217301560,145,24,Non-alternating
861,12nh_862,143,18.4596977297676,143,14,Non-alternating
862,12nh_863,143,18.4926762218678,143,16,Non-alternating
863,12nh_864,135,18.5144260673201,135,2,Non-alternating
864,12nh_865,141,18.5154109337505,141,10,Non-alternating
865,12nh_866,137,18.5303290177477,137,20,Non-alternating
866,12nh_867,121,18.5441335382758,121,14,Non-alternating
867,12nh_868,147,18.5813923862582,147,16,Non-alternating
868,12nh_869,135,18.5908859079213,135,18,Non-alternating
869,12nh_870,139,18.6404111793258,139,6,Non-alternating
870,12nh_871,149,18.6576098509930,149,8,Non-alternating
871,12nh_872,149,18.6657550419221,149,10,Non-alternating
872,12nh_873,139,18.6916524586603,139,12,Non-alternating
873,12nh_874,143,18.7520818977168,143,18,Non-alternating
874,12nh_875,131,18.8462517751626,131,12,Non-alternating
875,12nh_876,147,18.8529547815324,147,14,Non-alternating
876,12nh_877,153,18.8570024669874,153,24,Non-alternating
877,12nh_878,153,18.8872330673032,153,24,Non-alternating
878,12nh_879,149,18.9180553743146,149,8,Non-alternating
879,12nh_880,159,18.9403733810581,159,16,Non-alternating
880,12nh_881,161,19.0224357886788,161,24,Non-alternating
881,12nh_882,157,19.0385088646386,157,8,Non-alternating
882,12nh_883,165,19.1490984076896,165,8,Non-alternating
883,12nh_884,165,19.1789414592105,165,12,Non-alternating
884,12nh_885,151,19.2579676457171,151,18,Non-alternating
885,12nh_886,155,19.4688241905324,155,14,Non-alternating
886,12nh_887,169,19.7458575734473,169,8,Non-alternating
887,12nh_888,181,20.2245216792393,181,8,Non-alternating
